<?xml version="1.0" encoding="UTF-8" standalone="yes"?>
<addon id="driver.dvb.hdhomerun"
       name="hdhomerun"
       version="4.3.2"
       provider-name="openelec.tv">
  <requires>
    <import addon="os.openelec.tv" version="5.0"/>
    <import addon="xbmc.python" version="2.1.0"/>

  </requires>
  <extension point="xbmc.python.script"
             library="default.py">
        <provides>executable</provides>
  </extension>

  <extension point="xbmc.addon.metadata">
    <summary>A linux DVB driver for the HDHomeRun (http://www.silicondust.com).</summary>
    <description>
A linux DVB driver for the HDHomeRun (http://www.silicondust.com).
    </description>
    <disclaimer>

    </disclaimer>
    <platform>all</platform>
  </extension>
</addon>
