<?xml version="1.0" encoding="UTF-8" standalone="yes"?>
<addon id="driver.dvb.sundtek-mediatv"
       name="sundtek-mediatv"
       version="4.3.4"
       provider-name="openelec.tv">
  <requires>
    <import addon="os.openelec.tv" version="5.0"/>
    <import addon="xbmc.python" version="2.1.0"/>

  </requires>
  <extension point="xbmc.service"
             library="default.py">
        <provides>executable</provides>
  </extension>

  <extension point="xbmc.addon.metadata">
    <summary>Sundtek USB Stick DVB userspace driver</summary>
    <description>
Driver for Sundtek MediaTV Pro (DVB-C, DVB-T, AnalogTV, Composite, S-Video, FM-Radio USB Stick) and Sundtek SkyTV Ultimate (DVB-S/S2 USB).
    </description>
    <disclaimer>

    </disclaimer>
    <platform>all</platform>
  </extension>
</addon>
