<?xml version="1.0" encoding="UTF-8" standalone="yes"?>
<addon id="service.multimedia.vdr-addon"
       name="VDR PVR Backend"
       version="7.0.2"
       provider-name="openelec.tv">
  <requires>
    <import addon="os.openelec.tv" version="7.0"/>
    <import addon="xbmc.python" version="2.1.0"/>

    <import addon="pvr.vdr.vnsi" version="0.0.0" />
    <import addon="script.config.vdr" version="0.0.0" />
  </requires>
  <extension point="xbmc.service" library="default.py">
    <provides></provides>
  </extension>
  <extension point="xbmc.addon.metadata">
    <summary>vdr: A powerful DVB TV application</summary>
    <description>
This project describes how to build your own digital satellite receiver and video disk recorder. It is based mainly on the DVB-S digital satellite receiver card, which used to be available from Fujitsu Siemens and the driver software developed by the LinuxTV project.
    </description>
    <disclaimer>

    </disclaimer>
    <platform>all</platform>
  </extension>
</addon>
