<?xml version="1.0" encoding="UTF-8" standalone="yes"?>
<addon id="repository.unofficial.addon.pro"
                name="Unofficial [COLOR FF757677]Open[/COLOR][COLOR FF8ABEE2]ELEC[/COLOR] Mediacenter OS Add-ons"
                version="4.1.2"
                provider-name="unofficial.addon.pro">
        <extension point="xbmc.addon.repository"
                name="Unofficial OpenELEC.tv Add-on Repository">
                <info>https://raw.github.com/codesnake/openelec-unofficial-addons/4.1/Amlogic/arm/addons.xml</info>
                <checksum>https://raw.github.com/codesnake/openelec-unofficial-addons/4.1/Amlogic/arm/addons.xml.md5</checksum>
                <datadir zip="true">https://raw.github.com/codesnake/openelec-unofficial-addons/4.1/Amlogic/arm</datadir>
        </extension>
        <extension point="xbmc.addon.metadata">
                <summary>Unofficial addon repository for OpenELEC</summary>
                <description>
[COLOR orange]Use with care. There will be NO end user support for addons in this repository[/COLOR]
                </description>
                <disclaimer>This is an unofficial addon repository. please don't ask for support in openelec forum / irc channel</disclaimer>
                <platform>all</platform>
        </extension>
</addon>
