<?xml version="1.0" encoding="UTF-8" standalone="yes"?>
<addon id="driver.remote.imon-mce"
       name="imon-mce"
       version="7.0.0"
       provider-name="openelec.tv">
  <requires>
    <import addon="os.openelec.tv" version="7.0"/>
    <import addon="xbmc.python" version="2.1.0"/>

  </requires>
  <extension point="xbmc.service" library="default.py">
    <provides></provides>
  </extension>
  <extension point="xbmc.addon.metadata">
    <summary>imon-mce: a driver to add support for MCE remotes to the imon driver</summary>
    <description>
imon-mce is a driver to add support for MCE remotes to the imon driver. To readd imon remote support uninstall or disable this addon again.
    </description>
    <disclaimer>

    </disclaimer>
    <platform>all</platform>
  </extension>
</addon>
