<?xml version="1.0" encoding="UTF-8" standalone="yes"?>
<addon id="repository.unofficial.addon.pro"
                name="Unofficial [COLOR FF757677]Open[/COLOR][COLOR FF8ABEE2]ELEC[/COLOR] (WeTek_Play_Plus/arm64) Add-ons"
                version="6.0.1"
                provider-name="unofficial.addon.pro">
        <extension point="xbmc.addon.repository"
                name="Unofficial OpenELEC.tv Add-on Repository">
                <dir minversion="15.0.0">
                    <info>https://raw.github.com/codesnake/openelec-unofficial-addons/6.0/WeTek_Play_Plus/arm64/addons.xml</info>
                    <checksum>https://raw.github.com/codesnake/openelec-unofficial-addons/6.0/WeTek_Play_Plus/arm64/addons.xml.md5</checksum>
                    <datadir zip="true">https://raw.github.com/codesnake/openelec-unofficial-addons/6.0/WeTek_Play_Plus/arm64</datadir>
                </dir>
        </extension>
        <extension point="xbmc.addon.metadata">
                <summary>Unofficial addon repository for OpenELEC</summary>
                <description>
[COLOR red]=== BIG FAT WARNING ===[/COLOR]
Use this repository at your own risk.
If your house gets burned, it's your fault, not ours.
We give no guarantee. We give no support.
                </description>
                <disclaimer>This is an unofficial addon repository. please don't ask for support in openelec forum / irc channel</disclaimer>
                <platform>all</platform>
        </extension>
</addon>
