<?xml version="1.0" encoding="UTF-8" standalone="yes"?>
<addon id="repository.unofficial.addon.pro"
                name="[COLOR FF757677]Open[/COLOR][COLOR FF8ABEE2]ELEC[/COLOR] Add-ons (unofficial)"
                version="7.0.0"
                provider-name="OpenELEC Community">
        <extension point="xbmc.addon.repository"
                name="OpenELEC Add-ons (unofficial)">
                <dir minversion="16.0.0">
                    <info>https://raw.github.com/codesnake/openelec-unofficial-addons/7.0/WeTek_Play_Plus/arm64/addons.xml</info>
                    <checksum>https://raw.github.com/codesnake/openelec-unofficial-addons/7.0/WeTek_Play_Plus/arm64/addons.xml.md5</checksum>
                    <datadir zip="true">https://raw.github.com/codesnake/openelec-unofficial-addons/7.0/WeTek_Play_Plus/arm64</datadir>
                </dir>
        </extension>
        <extension point="xbmc.addon.metadata">
                <summary>OpenELEC Add-ons (unofficial)</summary>
                <description>The OpenELEC unofficial repository contains community provided add-ons. These add-ons are not supported by OpenELEC staff. Please check the OpenELEC or Kodi forums for community support threads and ask the add-on author to submit fixes via GitHub.</description>
                <disclaimer>Add-ons in this repository are not maintained or supported by OpenELEC staff.</disclaimer>
                <platform>all</platform>
        </extension>
</addon>
