<settings>
  <setting id="SETTLE_TIME" value="0" />
  <setting id="RUN_USER_SCRIPT" value="false" />
  <setting id="ENABLE_HW_PID_FILTER" value="true" />
  <setting id="ENABLE_IR_RECEIVER" value="false" />
  <setting id="LOWEST_ADAPTER_NUM" value="0" />
  <setting id="SUSPEND_DRIVER" value="true" />
  <setting id="ALLOW_NET_USE"  value="false" />
  <setting id="USE_NET_TUNERS" value="false" />
  <setting id="DEVICE1_IP"  value="" />
  <setting id="DEVICE1_NUM" value="1" />
  <setting id="DEVICE2_IP"  value="" />
  <setting id="DEVICE2_NUM" value="1" />
  <setting id="DEVICE3_IP"  value="" />
  <setting id="DEVICE3_NUM" value="1" />
  <setting id="DEVICE4_IP"  value="" />
  <setting id="DEVICE4_NUM" value="1" />
  <setting id="DEVICE5_IP"  value="" />
  <setting id="DEVICE5_NUM" value="1" />
</settings>
