<?xml version="1.0" encoding="UTF-8"?>
<addon
  id="pvr.hdhomerun"
  version="1.0.9"
  name="PVR HDHomeRun Client"
  provider-name="Zoltan Csizmadia (zcsizmadia@gmail.com)">
  <requires>
    <c-pluff version="0.1"/>
    <import addon="xbmc.pvr" version="4.1.0"/>
    <import addon="kodi.guilib" version="5.10.0"/>
  </requires>
  <extension
    point="xbmc.pvrclient"
    needs_configuration="false"
    library_linux="pvr.hdhomerun.so"/>
  <extension point="xbmc.addon.metadata">
    <summary lang="af_ZA">HDHomeRun PVR Kliënt</summary>
    <summary lang="bg_BG">HDHomeRun ПВР клиент</summary>
    <summary lang="cs_CZ">Klient HDHomeRun PVR</summary>
    <summary lang="en_AU">HDHomeRun PVR Client</summary>
    <summary lang="en_GB">HDHomeRun PVR Client</summary>
    <summary lang="en_NZ">HDHomeRun PVR Client</summary>
    <summary lang="en_US">HDHomeRun PVR Client</summary>
    <summary lang="es_ES">Cliente PVR HDHomeRun</summary>
    <summary lang="fr_CA">Client de numériscope HDHomeRun</summary>
    <summary lang="fr_FR">Client enregistreur vidéo (PVR) HDHomeRun</summary>
    <summary lang="hr_HR">HDHomeRun PVR klijent</summary>
    <summary lang="hu_HU">HDHomeRun PVR ügyfél</summary>
    <summary lang="ja_JP">HDHomeRun用 PVR クライアント</summary>
    <summary lang="lt_LT">HDHomeRun PVR klientas</summary>
    <summary lang="nl_NL">HDHomeRun PVR Cliënt</summary>
    <summary lang="pl_PL">Klient telewizji dla HDHomeRun</summary>
    <summary lang="pt_BR">HDHomeRun PVR Cliente</summary>
    <summary lang="pt_PT">Cliente PVR HDHomeRun</summary>
    <summary lang="ro_RO">Client PVR HDHomeRun</summary>
    <summary lang="ru_RU">PVR Клиент HDHomeRun</summary>
    <summary lang="sr_RS">HDHomeRun PVR Клијент</summary>
    <summary lang="sr_RS@latin">HDHomeRun PVR Klijent</summary>
    <summary lang="sv_SE">HDHomeRun PVR Client</summary>
    <summary lang="zh_CN">HDHomeRun PVR 客户端</summary>
    <description lang="af_ZA">HDHomeRun PVR Kliënt</description>
    <description lang="bg_BG">HDHomeRun ПВР клиент</description>
    <description lang="cs_CZ">Klient HDHomeRun PVR</description>
    <description lang="en_AU">HDHomeRun PVR Client</description>
    <description lang="en_GB">HDHomeRun PVR Client</description>
    <description lang="en_NZ">HDHomeRun PVR Client</description>
    <description lang="en_US">HDHomeRun PVR Client</description>
    <description lang="es_ES">Cliente PVR HDHomeRun</description>
    <description lang="fr_CA">Client de numériscope HDHomeRun</description>
    <description lang="fr_FR">Client enregistreur vidéo (PVR) HDHomeRun</description>
    <description lang="hr_HR">HDHomeRun PVR klijent</description>
    <description lang="hu_HU">HDHomeRun PVR ügyfél</description>
    <description lang="ja_JP">HDHomeRun用 PVR クライアント</description>
    <description lang="lt_LT">HDHomeRun PVR klientas</description>
    <description lang="nl_NL">HDHomeRun PVR Cliënt</description>
    <description lang="pl_PL">Klient telewizji dla HDHomeRun</description>
    <description lang="pt_BR">HDHomeRun PVR Cliente</description>
    <description lang="pt_PT">Cliente PVR HDHomeRun</description>
    <description lang="ro_RO">Client PVR HDHomeRun</description>
    <description lang="ru_RU">PVR Клиент HDHomeRun</description>
    <description lang="sr_RS">HDHomeRun PVR Клијент</description>
    <description lang="sr_RS@latin">HDHomeRun PVR Klijent</description>
    <description lang="sv_SE">HDHomeRun PVR Client</description>
    <description lang="zh_CN">HDHomeRun PVR 客户端</description>
    <platform>linux</platform>
  </extension>
</addon>
